Created user: UID: WEB10001,UPN = WEB10001@sig.dom TemporaryPassword: P@$$4Externals  , Name: Yue Jin Xie                 ,Email: 294135764@qq.com               , Company: Zhanjiang Yantang Dairy Co.Ltd 
Created user: UID: WEB10002,UPN = WEB10002@sig.dom TemporaryPassword: P@$$4Externals  , Name: Amine BOUCHOUIT                 ,Email: a.bouchouit@glj.dz               , Company: SPA Générale Laitiè
re Jugurta 
Created user: UID: WEB10003,UPN = WEB10003@sig.dom TemporaryPassword: P@$$4Externals  , Name: Ali Ali Al-Jaffari                 ,Email: a.eljaafari@judi.ly               , Company: Judi 
Created user: UID: WEB10004,UPN = WEB10004@sig.dom TemporaryPassword: P@$$4Externals  , Name: Ahmad Ghazalee                 ,Email: a.ghazalee@emiratesjuices.ae               , Company: Emirates J
uice Factory  
Created user: UID: WEB10005,UPN = WEB10005@sig.dom TemporaryPassword: P@$$4Externals  , Name: Abdenour Hamadi                 ,Email: a.hamadi@glj.dz               , Company: SPA Générale Laitière 
Jugurta 
Created user: UID: WEB10006,UPN = WEB10006@sig.dom TemporaryPassword: P@$$4Externals  , Name: Alexander Michels                 ,Email: a.michels@hochwald.de               , Company: Hochwald Foods
 GmbH Erftstadt 
Created user: UID: WEB10007,UPN = WEB10007@sig.dom TemporaryPassword: P@$$4Externals  , Name: Thouraya Abaza                 ,Email: abazathouraya@soril.com.tn               , Company: Societe Regi
onale des Industries Laitieres (SORIL) 
Created user: UID: WEB10008,UPN = WEB10008@sig.dom TemporaryPassword: P@$$4Externals  , Name: Abdulrahmon Giwa                 ,Email: Abdulrahmon.Giwa@clicktgi.net               , Company: Chi Lim
ited 
Created user: UID: WEB10009,UPN = WEB10009@sig.dom TemporaryPassword: P@$$4Externals  , Name: Mourad  Gadara                 ,Email: achat@sorilsud.tn               , Company: Societe Regionale des
 Industries Laitieres (SORIL) 
Created user: UID: WEB10010,UPN = WEB10010@sig.dom TemporaryPassword: P@$$4Externals  , Name: Adilson Matt                 ,Email: adilson@cooperoestesc.com.br               , Company: COOPERATIVA 
REGIONAL DE COMERCIALIA 
Created user: UID: WEB10011,UPN = WEB10011@sig.dom TemporaryPassword: P@$$4Externals  , Name: Agustín Quezada                 ,Email: aequezada@santaclara.com.mx               , Company: Santa Clar
a Productos Lácteos S.A. 
Created user: UID: WEB10012,UPN = WEB10012@sig.dom TemporaryPassword: P@$$4Externals  , Name: Afshan Hamidi                 ,Email: af_hamidi@yahoo.com               , Company: IDIC Commercial 
Created user: UID: WEB10013,UPN = WEB10013@sig.dom TemporaryPassword: P@$$4Externals  , Name: Ajit Jadhav                 ,Email: Ajit.Jadhav@clicktgi.net               , Company: Chi Limited 
Created user: UID: WEB10014,UPN = WEB10014@sig.dom TemporaryPassword: P@$$4Externals  , Name: Akilai Mghit                 ,Email: akilaramyfood@gmail.com               , Company: Sarl Frutty 
Created user: UID: WEB10015,UPN = WEB10015@sig.dom TemporaryPassword: P@$$4Externals  , Name: Alaa Refaat                 ,Email: Alaa.Refaat@alsafidanone.com               , Company: Al Safi 
Created user: UID: WEB10016,UPN = WEB10016@sig.dom TemporaryPassword: P@$$4Externals  , Name: Aleksey Matushkin                 ,Email: Aleksey.Matushkin@danone.com               , Company: Branch 
Molochnyi Kombinat PE 
Created user: UID: WEB10017,UPN = WEB10017@sig.dom TemporaryPassword: P@$$4Externals  , Name: Alexander Aslanov                 ,Email: alexander.aslanov@agro-systems.ru               , Company: LL
C Interagrosystems 
Created user: UID: WEB10018,UPN = WEB10018@sig.dom TemporaryPassword: P@$$4Externals  , Name: Alexis Vincent                 ,Email: Alexis.VINCENT@lactalis.fr               , Company: Lactalis Cle
rmont 
Created user: UID: WEB10019,UPN = WEB10019@sig.dom TemporaryPassword: P@$$4Externals  , Name: Alfonso Dominguez                 ,Email: alfonso.dominguez@refresco.com               , Company: Refre
sco Iberia S.A.U. 
Created user: UID: WEB10020,UPN = WEB10020@sig.dom TemporaryPassword: P@$$4Externals  , Name: Orebi Abd Aiub                 ,Email: alhaj_aeyob@yahoo.com               , Company: Milad Co. 
Created user: UID: WEB10021,UPN = WEB10021@sig.dom TemporaryPassword: P@$$4Externals  , Name: Ali Sharghi                 ,Email: ali.sharghi50@gmail.com               , Company: Razavi Products Da
iry Co. 
Created user: UID: WEB10022,UPN = WEB10022@sig.dom TemporaryPassword: P@$$4Externals  , Name: Ali Asgar                 ,Email: ali_asgar@kdcow.com               , Company: Kuwait Dairy Co. 
Created user: UID: WEB10023,UPN = WEB10023@sig.dom TemporaryPassword: P@$$4Externals  , Name: Ali Shihab                 ,Email: alishihab@dijlasoftdrinks.com               , Company: Dijla Soft Dr
inks 
Created user: UID: WEB10024,UPN = WEB10024@sig.dom TemporaryPassword: P@$$4Externals  , Name: Fredrick George                 ,Email: aljabrsoftdrinks@gmail.com               , Company: Al Jabr 
Created user: UID: WEB10025,UPN = WEB10025@sig.dom TemporaryPassword: P@$$4Externals  , Name: Alok Saxena                 ,Email: Alok.Saxena@clicktgi.net               , Company: Chi Limited 
Created user: UID: WEB10026,UPN = WEB10026@sig.dom TemporaryPassword: P@$$4Externals  , Name: Amani Alsinan                 ,Email: Amani.Alsinan@aujan.com.sa               , Company: Aujan Beverag
es Company 
Created user: UID: WEB10027,UPN = WEB10027@sig.dom TemporaryPassword: P@$$4Externals  , Name: Andreas Hempel                 ,Email: Andreas.hempel@refresco.de               , Company: Refresco Grü
nsfeld 
Created user: UID: WEB10028,UPN = WEB10028@sig.dom TemporaryPassword: P@$$4Externals  , Name: Andrew Goddard                 ,Email: Andrew.Goddard@visy.com.au               , Company: VisyPak Cart
ons Systems 
Created user: UID: WEB10029,UPN = WEB10029@sig.dom TemporaryPassword: P@$$4Externals  , Name: Anil Bhavsar                 ,Email: anil@dcfoman.com               , Company: Dhofar Cattle Feed Co. (
S.A.O.G.) 
Created user: UID: WEB10030,UPN = WEB10030@sig.dom TemporaryPassword: P@$$4Externals  , Name: Annateresa Marrazzo                 ,Email: annateresa.marrazzo@gruppoladoria.it               , Compan
y: La Doria S.p.A. Acerra 
Created user: UID: WEB10031,UPN = WEB10031@sig.dom TemporaryPassword: P@$$4Externals  , Name: Annelise Chassot                 ,Email: Anne-Lise.Chassot@elsa.ch               , Company: Estavayer 
Created user: UID: WEB10032,UPN = WEB10032@sig.dom TemporaryPassword: P@$$4Externals  , Name: Mohands Aoudia                 ,Email: aoudia.mohands@gmail.com                , Company: Sarl Laiterie
 Soummam 
Created user: UID: WEB10033,UPN = WEB10033@sig.dom TemporaryPassword: P@$$4Externals  , Name: Ari Sohlman                 ,Email: Ari.Sohlman@bonnejuomat.fi               , Company: Bonne Juomat Oy
  
Created user: UID: WEB10034,UPN = WEB10034@sig.dom TemporaryPassword: P@$$4Externals  , Name: Armando Squillante                 ,Email: armando.squillante@gruppoladoria.it               , Company:
 La Doria S.p.A. Acerra 
Created user: UID: WEB10035,UPN = WEB10035@sig.dom TemporaryPassword: P@$$4Externals  , Name: Attila Pál                 ,Email: attila.pal@rauch.cc               , Company: Rauch HU 
Created user: UID: WEB10036,UPN = WEB10036@sig.dom TemporaryPassword: P@$$4Externals  , Name: Ayman Hafez                 ,Email: ayman.hafez@alsafidanone.com               , Company: Al Safi 
Created user: UID: WEB10037,UPN = WEB10037@sig.dom TemporaryPassword: P@$$4Externals  , Name: Björn Bergner                 ,Email: b.bergner@copeo.de               , Company: Niederrhein-Gold 
Created user: UID: WEB10038,UPN = WEB10038@sig.dom TemporaryPassword: P@$$4Externals  , Name: Brahim Rachef                 ,Email: b.rachef@tchinlait.com               , Company: Tchinlait 
Created user: UID: WEB10039,UPN = WEB10039@sig.dom TemporaryPassword: P@$$4Externals  , Name: Babak Mirzajanzadeh                 ,Email: babakmirzajanzadeh@yahoo.com               , Company: IDIC 
Commercial 
Created user: UID: WEB10040,UPN = WEB10040@sig.dom TemporaryPassword: P@$$4Externals  , Name: Bartho West                 ,Email: Bartho@robertsonwine.co.za               , Company: Robertson 
Created user: UID: WEB10041,UPN = WEB10041@sig.dom TemporaryPassword: P@$$4Externals  , Name: Bill Cognion                 ,Email: BCognion@steubenfoods.com               , Company: Steuben Foods 
Created user: UID: WEB10042,UPN = WEB10042@sig.dom TemporaryPassword: P@$$4Externals  , Name: Belinda Jordaan                 ,Email: Belinda.jordaan@clover.co.za               , Company: Clover S.
A -Port Elizabeth 
Created user: UID: WEB10043,UPN = WEB10043@sig.dom TemporaryPassword: P@$$4Externals  , Name: Benjamin Grübl                 ,Email: Benjamin.Gruebl@pfanner.com               , Company: Hermann Pfa
nner Getränke GmbH 
Created user: UID: WEB10044,UPN = WEB10044@sig.dom TemporaryPassword: P@$$4Externals  , Name: Brian Harvey                 ,Email: bharvey@continuumpacking.com               , Company: Continuum Pa
cking 
Created user: UID: WEB10045,UPN = WEB10045@sig.dom TemporaryPassword: P@$$4Externals  , Name: Boris Eich                 ,Email: boris.eich@arlafoods.com               , Company: Arla Foods Deutsch
land GmbH 
Created user: UID: WEB10046,UPN = WEB10046@sig.dom TemporaryPassword: P@$$4Externals  , Name: El-Hadj Bouhallab                 ,Email: bouhallab44@gmail.com               , Company: Groupe Facto 
Created user: UID: WEB10047,UPN = WEB10047@sig.dom TemporaryPassword: P@$$4Externals  , Name: Brad Toth                 ,Email: brad@joriki.com               , Company: Joriki Inc 
Created user: UID: WEB10048,UPN = WEB10048@sig.dom TemporaryPassword: P@$$4Externals  , Name: Bruno Rezende                 ,Email: Bruno.Rezende@quataalimentos.com.br               , Company: Nova
 Mix Industrial e Comercial De MG 
Created user: UID: WEB10049,UPN = WEB10049@sig.dom TemporaryPassword: P@$$4Externals  , Name: Buboy Rimando                 ,Email: buboy@GULF-UNION.COM               , Company: Gulf Union Foods Co
mpany 
Created user: UID: WEB10050,UPN = WEB10050@sig.dom TemporaryPassword: P@$$4Externals  , Name: Pradeep Lavania                 ,Email: bulu.lavania@gmail.com               , Company: Delight Caterin
g Lda 
Created user: UID: WEB10051,UPN = WEB10051@sig.dom TemporaryPassword: P@$$4Externals  , Name: Chimmi Yeter                 ,Email: c.yeter@gmundner-milch.at               , Company: Gmunden 
Created user: UID: WEB10052,UPN = WEB10052@sig.dom TemporaryPassword: P@$$4Externals  , Name: Camelia Pascu                 ,Email: camelia.pascu@parmalat.ro               , Company: Lactalis RO 
Created user: UID: WEB10053,UPN = WEB10053@sig.dom TemporaryPassword: P@$$4Externals  , Name: Carlos Roca                 ,Email: carlos.roca@lactalis.es               , Company: Leche de Galicia S
.L. 
Created user: UID: WEB10054,UPN = WEB10054@sig.dom TemporaryPassword: P@$$4Externals  , Name: Carlos Rodriguespereira                 ,Email: Carlos.Rodriguespereira@elsa.ch               , Company
: Estavayer 
Created user: UID: WEB10055,UPN = WEB10055@sig.dom TemporaryPassword: P@$$4Externals  , Name: Chuck Bauer                 ,Email: cbauer@johannabeverage.com               , Company: Johanna Beverag
e 
Created user: UID: WEB10056,UPN = WEB10056@sig.dom TemporaryPassword: P@$$4Externals  , Name: Cinzia Bonfatti                 ,Email: cbonfatti@ccdp.it               , Company: Consorzio Casalasco 
del Pomodoro 
Created user: UID: WEB10057,UPN = WEB10057@sig.dom TemporaryPassword: P@$$4Externals  , Name: Chris Channel                 ,Email: cchannel@islandaseptics.com               , Company: Island Asept
ics 
Created user: UID: WEB10058,UPN = WEB10058@sig.dom TemporaryPassword: P@$$4Externals  , Name: Cedric Faure                 ,Email: cedric.faure@lactalis.fr               , Company: Lactalis Clermon
t 
Created user: UID: WEB10059,UPN = WEB10059@sig.dom TemporaryPassword: P@$$4Externals  , Name: Christian Spitzer                 ,Email: Christian.Spitzer@berglandmilch.at               , Company: B
LM Klagenfurt 
Created user: UID: WEB10060,UPN = WEB10060@sig.dom TemporaryPassword: P@$$4Externals  , Name: Cintia Sousa                 ,Email: cintia.sousa@cemil.com.br               , Company: Coop.Central Mi
neira de Laticínios 
Created user: UID: WEB10061,UPN = WEB10061@sig.dom TemporaryPassword: P@$$4Externals  , Name: Cyril Allegre                 ,Email: Cyril_Allegre@continentalfoods.eu               , Company: Contin
ental Foods 
Created user: UID: WEB10062,UPN = WEB10062@sig.dom TemporaryPassword: P@$$4Externals  , Name: Dieter Frötel                 ,Email: d.froetel@hochwald.de               , Company: Hochwald Foods Gmb
H Erftstadt 
Created user: UID: WEB10063,UPN = WEB10063@sig.dom TemporaryPassword: P@$$4Externals  , Name: Damilare Ifekoya                 ,Email: Damilare.Ifekoya@NG.nestle.com               , Company: Nestle
 Nigeria Plc. 
Created user: UID: WEB10064,UPN = WEB10064@sig.dom TemporaryPassword: P@$$4Externals  , Name: Daniel Rios                 ,Email: Daniel.Rios@lechecelta.com               , Company: Leche Celta S.L
.U. (Pontedeume) 
Created user: UID: WEB10065,UPN = WEB10065@sig.dom TemporaryPassword: P@$$4Externals  , Name: Daniel Thomas                 ,Email: daniel.thomas@albi.de               , Company: albi GmbH & Co. KG
 
Created user: UID: WEB10066,UPN = WEB10066@sig.dom TemporaryPassword: P@$$4Externals  , Name: David Blanc                 ,Email: david.blanc@elsa.ch               , Company: Estavayer 
Created user: UID: WEB10067,UPN = WEB10067@sig.dom TemporaryPassword: P@$$4Externals  , Name: Grand T                 ,Email: david@tgrand.com.tw               , Company: T Grand 
Created user: UID: WEB10068,UPN = WEB10068@sig.dom TemporaryPassword: P@$$4Externals  , Name: David Portès                 ,Email: david_portes@continentalfoods.eu               , Company: Continen
tal Foods 
Created user: UID: WEB10069,UPN = WEB10069@sig.dom TemporaryPassword: P@$$4Externals  , Name: Denis Corminboeuf                 ,Email: denis.corminboeuf@elsa.ch               , Company: Estavayer 

Created user: UID: WEB10070,UPN = WEB10070@sig.dom TemporaryPassword: P@$$4Externals  , Name: Denis Sever                 ,Email: Denis.Sever@pomurske-mlekarne.si               , Company: POMURSKE 
MLEKARNE d.d. 
Created user: UID: WEB10071,UPN = WEB10071@sig.dom TemporaryPassword: P@$$4Externals  , Name: Ali Dhurgham                 ,Email: dhurghamali1980@gmail.com               , Company: Al Ansar Co. fo
r Food Production 
Created user: UID: WEB10072,UPN = WEB10072@sig.dom TemporaryPassword: P@$$4Externals  , Name: Dieter Arndt                 ,Email: dieter.arndt@refresco.com               , Company: Refresco Calvör
de 
Created user: UID: WEB10073,UPN = WEB10073@sig.dom TemporaryPassword: P@$$4Externals  , Name: Storing Monteur                 ,Email: ede.td-storingsdienst@frieslandcampina.com               , Comp
any: Frieslandcampina Ede (riedel) 
Created user: UID: WEB10074,UPN = WEB10074@sig.dom TemporaryPassword: P@$$4Externals  , Name: Eduard Grig                 ,Email: Eduard.Grig@cchellenic.com               , Company: Coca - Cola Bev
erages Ukraine 
Created user: UID: WEB10075,UPN = WEB10075@sig.dom TemporaryPassword: P@$$4Externals  , Name: Eilish Maguire                 ,Email: eilish.maguire@kerry.ie               , Company: Kerry 
Created user: UID: WEB10076,UPN = WEB10076@sig.dom TemporaryPassword: P@$$4Externals  , Name: Evgeniy Kashin                 ,Email: EKashin@lip.progressfood.ru               , Company: OAO PROGRES
S 
Created user: UID: WEB10077,UPN = WEB10077@sig.dom TemporaryPassword: P@$$4Externals  , Name: Elaine Hamann                 ,Email: Elaine.Hamann@pioneerfoods.co.za               , Company: Pioneer
 Foods Pty Ltd 
Created user: UID: WEB10078,UPN = WEB10078@sig.dom TemporaryPassword: P@$$4Externals  , Name: Elmo Romero                 ,Email: elmo.romero@quataalimentos.com.br               , Company: Nova Mix
 Industrial e Comercial De RJ 
Created user: UID: WEB10079,UPN = WEB10079@sig.dom TemporaryPassword: P@$$4Externals  , Name: Emily Roccuzzo                 ,Email: emily.roccuzzo@visy.com.au               , Company: VisyPak Cart
ons Systems 
Created user: UID: WEB10080,UPN = WEB10080@sig.dom TemporaryPassword: P@$$4Externals  , Name: Andrzej Chwierot                 ,Email: energetyk@smgostyn.com.pl               , Company: Spoldzielni
a Mleczarska w Gostyniu 
Created user: UID: WEB10081,UPN = WEB10081@sig.dom TemporaryPassword: P@$$4Externals  , Name: Jasem Husain                 ,Email: eng.jasem@alhadara-group.com               , Company: Naba'a Alfur
atain Company for SoftD 
Created user: UID: WEB10082,UPN = WEB10082@sig.dom TemporaryPassword: P@$$4Externals  , Name: Vladimir Yakovchik                 ,Email: engkvz@rambler.ru               , Company: OOO Krimski Vinny
 Zavod 
Created user: UID: WEB10083,UPN = WEB10083@sig.dom TemporaryPassword: P@$$4Externals  , Name: Federic Pingol                 ,Email: eric.pingol@aujan.com.sa               , Company: Aujan Beverage
s Company 
Created user: UID: WEB10084,UPN = WEB10084@sig.dom TemporaryPassword: P@$$4Externals  , Name: Esmaeil Kouhi                 ,Email: es_kouhi@yahoo.com               , Company: Iran Dairy Industries
 Co. (Pegah) 
Created user: UID: WEB10085,UPN = WEB10085@sig.dom TemporaryPassword: P@$$4Externals  , Name: Etienne Nasalandi                 ,Email: etienne.nasalandi@psaro.com               , Company: Hyper Ps
aro Sarl 
Created user: UID: WEB10086,UPN = WEB10086@sig.dom TemporaryPassword: P@$$4Externals  , Name: Evelyn Santana                 ,Email: evelyn.santana@sabealimentos.com.br               , Company: Sab
e Alimentos Ltda. 
Created user: UID: WEB10087,UPN = WEB10087@sig.dom TemporaryPassword: P@$$4Externals  , Name: Ezzat Lottfy                 ,Email: ezzat.lottfy@alsafidanone.com               , Company: Al Safi 
Created user: UID: WEB10088,UPN = WEB10088@sig.dom TemporaryPassword: P@$$4Externals  , Name: Fethi Benchia                 ,Email: f.benchia@ngaous.com               , Company: Ngaous 
Created user: UID: WEB10089,UPN = WEB10089@sig.dom TemporaryPassword: P@$$4Externals  , Name: Fabian Senn                 ,Email: f.senn@niederrhein-gold.de               , Company: Niederrhein-Gol
d 
Created user: UID: WEB10090,UPN = WEB10090@sig.dom TemporaryPassword: P@$$4Externals  , Name: Fabian Wissel                 ,Email: fabian.wissel@sternenfrucht.com               , Company: Sternenf
rucht Produktions GmbH & Co 
Created user: UID: WEB10091,UPN = WEB10091@sig.dom TemporaryPassword: P@$$4Externals  , Name: Fares Akilal                 ,Email: fares.akilal@soummam.dz               , Company: Sarl Laiterie Sou
mmam 
Created user: UID: WEB10092,UPN = WEB10092@sig.dom TemporaryPassword: P@$$4Externals  , Name: Farid Ouazar                 ,Email: farid.ouazar@soummam-dz               , Company: Sarl Laiterie Sou
mmam 
Created user: UID: WEB10093,UPN = WEB10093@sig.dom TemporaryPassword: P@$$4Externals  , Name: Ferhat Benouchen                 ,Email: ferhat.benouchen@soummam.dz               , Company: Sarl Lait
erie Soummam 
Created user: UID: WEB10094,UPN = WEB10094@sig.dom TemporaryPassword: P@$$4Externals  , Name: Ferenc Gorky                 ,Email: fgorki@fruitmastergroup.com               , Company: Heltex 
Created user: UID: WEB10095,UPN = WEB10095@sig.dom TemporaryPassword: P@$$4Externals  , Name: Rupert Flatscher                 ,Email: Flatscher.R@milch.com               , Company: Alpenmilch Salz
burg 
Created user: UID: WEB10096,UPN = WEB10096@sig.dom TemporaryPassword: P@$$4Externals  , Name: Flávio Trindade                 ,Email: flavio.trindade@quataalimentos.com.br               , Company: 
Nova Mix Industrial e Comercial De MG 
Created user: UID: WEB10097,UPN = WEB10097@sig.dom TemporaryPassword: P@$$4Externals  , Name: Nadia Fellahi                 ,Email: fnadia_mgb@yahoo.fr               , Company: SPA Royal 
Created user: UID: WEB10098,UPN = WEB10098@sig.dom TemporaryPassword: P@$$4Externals  , Name: François Peter                 ,Email: francois.peter@elsa.ch               , Company: Estavayer 
Created user: UID: WEB10099,UPN = WEB10099@sig.dom TemporaryPassword: P@$$4Externals  , Name: Franz Puritscher                 ,Email: Franz.Puritscher@pfanner.com               , Company: Hermann 
Pfanner Getränke GmbH 
Created user: UID: WEB10100,UPN = WEB10100@sig.dom TemporaryPassword: P@$$4Externals  , Name: Frederic Breguet                 ,Email: Frederic.breguet@elsa.ch               , Company: Estavayer 
Created user: UID: WEB10101,UPN = WEB10101@sig.dom TemporaryPassword: P@$$4Externals  , Name: Frederic Rolle                 ,Email: Frederic.Rolle@elsa.ch               , Company: Estavayer 
Created user: UID: WEB10102,UPN = WEB10102@sig.dom TemporaryPassword: P@$$4Externals  , Name: Frederick Tritz                 ,Email: frederick.tritz@schwarzwaldmilch.de               , Company: Sc
hwarzwaldmilch GmbH Freiburg 
Created user: UID: WEB10103,UPN = WEB10103@sig.dom TemporaryPassword: P@$$4Externals  , Name: Gabriel Adjei                 ,Email: Gabriel.Adjei@NG.Nestle.com               , Company: Nestle Niger
ia Plc. 
Created user: UID: WEB10104,UPN = WEB10104@sig.dom TemporaryPassword: P@$$4Externals  , Name: Gamal Marey                 ,Email: Gamal.marey@sakrgroup.net               , Company: Al Sakr For Food
 Industries 
Created user: UID: WEB10105,UPN = WEB10105@sig.dom TemporaryPassword: P@$$4Externals  , Name: Gavin Reed                 ,Email: Gavin.Reed@refrescogerber.co.uk               , Company: Refresco Ge
rber 
Created user: UID: WEB10106,UPN = WEB10106@sig.dom TemporaryPassword: P@$$4Externals  , Name: Georg Hörning                 ,Email: georg.hoerning@refresco.de               , Company: Refresco Grün
sfeld 
Created user: UID: WEB10107,UPN = WEB10107@sig.dom TemporaryPassword: P@$$4Externals  , Name: Georg Paetzold                 ,Email: georg.paetzold.@refresco.com               , Company: Refresco C
alvörde 
Created user: UID: WEB10108,UPN = WEB10108@sig.dom TemporaryPassword: P@$$4Externals  , Name: Udoh George                 ,Email: George.Udoh@ng.nestle.com               , Company: Nestle Nigeria P
lc. 
Created user: UID: WEB10109,UPN = WEB10109@sig.dom TemporaryPassword: P@$$4Externals  , Name: Gert Delport                 ,Email: Gert.Delport@faircape.com               , Company: Fair Cape Dairi
es 
Created user: UID: WEB10110,UPN = WEB10110@sig.dom TemporaryPassword: P@$$4Externals  , Name: Glenn Mays                 ,Email: glenn.mays@visy.com.au               , Company: VisyPak Cartons Syst
ems 
Created user: UID: WEB10111,UPN = WEB10111@sig.dom TemporaryPassword: P@$$4Externals  , Name: Grant Testi-Frazer                 ,Email: Grant.TestiFrazer@premierfoods.co.uk               , Company
: Premier Foods Group Ltd. 
Created user: UID: WEB10112,UPN = WEB10112@sig.dom TemporaryPassword: P@$$4Externals  , Name: Gregor Galanty                 ,Email: gregor.galanty@refresco.de               , Company: Refresco Grü
nsfeld 
Created user: UID: WEB10113,UPN = WEB10113@sig.dom TemporaryPassword: P@$$4Externals  , Name: Günter Maldener                 ,Email: Guenter.Maldener@soyana.ch               , Company: Soyana 
Created user: UID: WEB10114,UPN = WEB10114@sig.dom TemporaryPassword: P@$$4Externals  , Name: Gyula Szabó                 ,Email: gyula.szabo@eckes-granini.com               , Company: SIO 
Created user: UID: WEB10115,UPN = WEB10115@sig.dom TemporaryPassword: P@$$4Externals  , Name: Helmut Lubba                 ,Email: h.lubba@gmundner-milch.at               , Company: Gmundner Molker
ei eGen (Zentralmolkerei Sattledt) 
Created user: UID: WEB10116,UPN = WEB10116@sig.dom TemporaryPassword: P@$$4Externals  , Name: Hablal Ali                 ,Email: hablal.ali@gmail.com               , Company: Sarl Laiterie Soummam 

Created user: UID: WEB10117,UPN = WEB10117@sig.dom TemporaryPassword: P@$$4Externals  , Name: Hadi Ali                 ,Email: hadialyami@hotmail.com               , Company: Najran Dairy Company 
Created user: UID: WEB10118,UPN = WEB10118@sig.dom TemporaryPassword: P@$$4Externals  , Name: Halim Akilal                 ,Email: HALIM.AKILAL@soummam.dz               , Company: Sarl Laiterie Sou
mmam 
Created user: UID: WEB10119,UPN = WEB10119@sig.dom TemporaryPassword: P@$$4Externals  , Name: Jozef  Hangai                 ,Email: hangai@pragolaktos.cz               , Company: Mlekarna Pragolakt
os a. s. 
Created user: UID: WEB10120,UPN = WEB10120@sig.dom TemporaryPassword: P@$$4Externals  , Name: Harold Bull                 ,Email: harold_bull@ca.campbellsoup.com               , Company: Campbell's
 Soup Company 
Created user: UID: WEB10121,UPN = WEB10121@sig.dom TemporaryPassword: P@$$4Externals  , Name: Herbert Schreiner                 ,Email: Herbert.Schreiner@pfanner.com               , Company: Herman
n Pfanner Getränke GmbH 
Created user: UID: WEB10122,UPN = WEB10122@sig.dom TemporaryPassword: P@$$4Externals  , Name: Hany Hamdy                 ,Email: hhamdy@groupe-bel.com               , Company: Bel Egypt Expansion 
Created user: UID: WEB10123,UPN = WEB10123@sig.dom TemporaryPassword: P@$$4Externals  , Name: Hubert Thie                 ,Email: hubert.thie@valensina.de               , Company: Valensina 
Created user: UID: WEB10124,UPN = WEB10124@sig.dom TemporaryPassword: P@$$4Externals  , Name: Hubert Bustos                 ,Email: hubert_bustos@ca.campbellsoup.com               , Company: Campbe
ll's Soup Company 
Created user: UID: WEB10125,UPN = WEB10125@sig.dom TemporaryPassword: P@$$4Externals  , Name: Ian Luke                 ,Email: Ian.Luke@refrescogerber.co.uk               , Company: Refresco Gerber
 
Created user: UID: WEB10126,UPN = WEB10126@sig.dom TemporaryPassword: P@$$4Externals  , Name: Igor Yurin                 ,Email: Igor.Yurin@cchellenic.com               , Company: CJSC Multon 
Created user: UID: WEB10127,UPN = WEB10127@sig.dom TemporaryPassword: P@$$4Externals  , Name: Ihab Farrag                 ,Email: ihab@abcjuice.com.kw               , Company: Arabian Beverage Co. 
Ltd. 
Created user: UID: WEB10128,UPN = WEB10128@sig.dom TemporaryPassword: P@$$4Externals  , Name: Irina Kovaleva                 ,Email: IKovaleva@ochakovo.ru               , Company: ZAO MPBK Ochakovo
 
Created user: UID: WEB10129,UPN = WEB10129@sig.dom TemporaryPassword: P@$$4Externals  , Name: Jamil Hajj                 ,Email: import@ibcleb.com               , Company: International Business Co
rporation 
Created user: UID: WEB10130,UPN = WEB10130@sig.dom TemporaryPassword: P@$$4Externals  , Name:  Technik                 ,Email: instandhaltung@albi.de               , Company: albi GmbH & Co. KG 
Created user: UID: WEB10131,UPN = WEB10131@sig.dom TemporaryPassword: P@$$4Externals  , Name: Ivan Petrovic                 ,Email: ivan.petrovic@fruvita.com               , Company: Fruvita 
Created user: UID: WEB10132,UPN = WEB10132@sig.dom TemporaryPassword: P@$$4Externals  , Name: Julio Arce                 ,Email: j.arce@alinter.es               , Company: Alinter Alimentación 
Created user: UID: WEB10133,UPN = WEB10133@sig.dom TemporaryPassword: P@$$4Externals  , Name: Jose Luis Medel                 ,Email: j.medel@alinter.es               , Company: Alinter Alimentació
n 
Created user: UID: WEB10134,UPN = WEB10134@sig.dom TemporaryPassword: P@$$4Externals  , Name: Jens Uhde                 ,Email: j.uhde@hochwald.de               , Company: Hochwald Foods GmbH Erfts
tadt 
Created user: UID: WEB10135,UPN = WEB10135@sig.dom TemporaryPassword: P@$$4Externals  , Name: Jennifer Wittig                 ,Email: j.wittig@niederrhein-gold.de               , Company: Niederrhe
in-Gold 
Created user: UID: WEB10136,UPN = WEB10136@sig.dom TemporaryPassword: P@$$4Externals  , Name: James Clark                 ,Email: James.Clark@refrescogerber.co.uk               , Company: Refresco 
Gerber 
Created user: UID: WEB10137,UPN = WEB10137@sig.dom TemporaryPassword: P@$$4Externals  , Name: Jerome Fasel                 ,Email: Jerome.Fasel@elsa.ch               , Company: Estavayer 
Created user: UID: WEB10138,UPN = WEB10138@sig.dom TemporaryPassword: P@$$4Externals  , Name: Jessica Fell                 ,Email: jessica.fell@languiru.com.br               , Company: Cooperativa 
Languiru Ltda 
Created user: UID: WEB10139,UPN = WEB10139@sig.dom TemporaryPassword: P@$$4Externals  , Name: Jennifer Ford                 ,Email: JFord@steubenfoods.com               , Company: Steuben Foods 
Created user: UID: WEB10140,UPN = WEB10140@sig.dom TemporaryPassword: P@$$4Externals  , Name: James Hinson                 ,Email: jhinson@lyonsmagnus.com               , Company: Lyons Magnus West
 
Created user: UID: WEB10141,UPN = WEB10141@sig.dom TemporaryPassword: P@$$4Externals  , Name: Johan van Ree                 ,Email: johan.vanree@frieslandcampina.com               , Company: Friesl
andcampina Ede (riedel) 
Created user: UID: WEB10142,UPN = WEB10142@sig.dom TemporaryPassword: P@$$4Externals  , Name: Johann Suer                 ,Email: johann.suer@frischli.de               , Company: Frischli 
Created user: UID: WEB10143,UPN = WEB10143@sig.dom TemporaryPassword: P@$$4Externals  , Name: Johann Schlebush                 ,Email: johann@coegadairy.com               , Company: Coega Dairy 
Created user: UID: WEB10144,UPN = WEB10144@sig.dom TemporaryPassword: P@$$4Externals  , Name: Jose Ruiz                 ,Email: Jose.L.Ruiz@unilever.com               , Company: Bestfoods 
Created user: UID: WEB10145,UPN = WEB10145@sig.dom TemporaryPassword: P@$$4Externals  , Name: Jeff Perez                 ,Email: jperez@continuumpacking.com               , Company: Continuum Packi
ng 
Created user: UID: WEB10146,UPN = WEB10146@sig.dom TemporaryPassword: P@$$4Externals  , Name: Jude Chukwudi Iweze                 ,Email: jude.iweze@clicktgi.net               , Company: Chi Limite
d 
Created user: UID: WEB10147,UPN = WEB10147@sig.dom TemporaryPassword: P@$$4Externals  , Name: Javier Vidal                 ,Email: jvidal@refrescoiberia.com               , Company: Refresco Iberia
 S.A. 
Created user: UID: WEB10148,UPN = WEB10148@sig.dom TemporaryPassword: P@$$4Externals  , Name: Kamel Hamoudi                 ,Email: K.Hamoudi@glj.dz               , Company: SPA Générale Laitière J
ugurta 
Created user: UID: WEB10149,UPN = WEB10149@sig.dom TemporaryPassword: P@$$4Externals  , Name: Kirsten Deary                 ,Email: kirsten@coegadairy.com               , Company: Coega Dairy 
Created user: UID: WEB10150,UPN = WEB10150@sig.dom TemporaryPassword: P@$$4Externals  , Name: Klaus Lenschow                 ,Email: klaus.lenschow@arlafoods.com               , Company: Arla Foods
 Deutschland GmbH - Upahl 
Created user: UID: WEB10151,UPN = WEB10151@sig.dom TemporaryPassword: P@$$4Externals  , Name: Klemens Lenz                 ,Email: Klemens.Lenz@arlafoods.de               , Company: Arla Foods Deut
schland GmbH 
Created user: UID: WEB10152,UPN = WEB10152@sig.dom TemporaryPassword: P@$$4Externals  , Name: Kristina Biletic                 ,Email: Kristina.Biletic@stanic-juicy.com               , Company: Sta
nic Beverages d.o.o 
Created user: UID: WEB10153,UPN = WEB10153@sig.dom TemporaryPassword: P@$$4Externals  , Name: Lakehal Ourdani                 ,Email: l.ourdani@tchinlait.com               , Company: Tchinlait 
Created user: UID: WEB10154,UPN = WEB10154@sig.dom TemporaryPassword: P@$$4Externals  , Name: Rex Langas                 ,Email: langas.rex@gulf-union.com               , Company: Gulf Union Foods 
Company 
Created user: UID: WEB10155,UPN = WEB10155@sig.dom TemporaryPassword: P@$$4Externals  , Name: Laurence  Gros                 ,Email: laurence_gros@continentalfoods.eu               , Company: Conti
nental Foods 
Created user: UID: WEB10156,UPN = WEB10156@sig.dom TemporaryPassword: P@$$4Externals  , Name: Lawal Toye                 ,Email: Lawal@clicktgi.net               , Company: Chi Limited 
Created user: UID: WEB10157,UPN = WEB10157@sig.dom TemporaryPassword: P@$$4Externals  , Name: Ali Liaqat                 ,Email: Liaqat.ali@alsafidanone.com               , Company: Al Safi 
Created user: UID: WEB10158,UPN = WEB10158@sig.dom TemporaryPassword: P@$$4Externals  , Name: Lukas Ziejewski                 ,Email: lukas.ziejewski@refresco.de               , Company: Refresco G
rünsfeld 
Created user: UID: WEB10159,UPN = WEB10159@sig.dom TemporaryPassword: P@$$4Externals  , Name: Ali Shirvani                 ,Email: m.a.shirvani@gmail.com               , Company: IDIC Commercial 
Created user: UID: WEB10160,UPN = WEB10160@sig.dom TemporaryPassword: P@$$4Externals  , Name: Mohammed Karwanchi                 ,Email: M.Karwanchi@karwanchigroup.com               , Company: Al T
ameem Cola 
Created user: UID: WEB10161,UPN = WEB10161@sig.dom TemporaryPassword: P@$$4Externals  , Name: Michael Paffenholz                 ,Email: m.paffenholz@hochwald.de               , Company: Hochwald F
oods GmbH Erftstadt 
Created user: UID: WEB10162,UPN = WEB10162@sig.dom TemporaryPassword: P@$$4Externals  , Name: Mohamed Elsadeq                 ,Email: m.sadeq@almazraa.com.ly               , Company: AlAseel 
Created user: UID: WEB10163,UPN = WEB10163@sig.dom TemporaryPassword: P@$$4Externals  , Name: Mehdi Unesi                 ,Email: M_unesi@yahoo.com               , Company: Iran Dairy Industries (S
HIRAZ) 
Created user: UID: WEB10164,UPN = WEB10164@sig.dom TemporaryPassword: P@$$4Externals  , Name: Maalia Rossouw                 ,Email: maalia@coegadairy.com               , Company: Coega Dairy 
Created user: UID: WEB10165,UPN = WEB10165@sig.dom TemporaryPassword: P@$$4Externals  , Name: Basem Srir                 ,Email: maintenance@al-mutallatat.com               , Company: Al-Mutallatat
 Company 
Created user: UID: WEB10166,UPN = WEB10166@sig.dom TemporaryPassword: P@$$4Externals  , Name: Achach Sami                 ,Email: maintenance@sorilnord.tn               , Company: Societe Regionale
 des Industries Laitieres (SORIL) 
Created user: UID: WEB10167,UPN = WEB10167@sig.dom TemporaryPassword: P@$$4Externals  , Name: Abdelrazzak Betaineh                 ,Email: maintenance_manager@wataniaagri.com               , Compan
y: Al Watania 
Created user: UID: WEB10168,UPN = WEB10168@sig.dom TemporaryPassword: P@$$4Externals  , Name: Marcelo Huppes                 ,Email: manutencaouhtbeltrao@latco.com.br               , Company: Latic
inios Latco Ltda 
Created user: UID: WEB10169,UPN = WEB10169@sig.dom TemporaryPassword: P@$$4Externals  , Name: Marcel Holterbosch                 ,Email: marcel.holterbosch@refresco.de               , Company: Refr
esco Mönchengladbach 
Created user: UID: WEB10170,UPN = WEB10170@sig.dom TemporaryPassword: P@$$4Externals  , Name: Marcel Kamphenkel                 ,Email: marcel.kamphenkel@sternenfrucht.com               , Company: 
Sternenfrucht Produktions GmbH & Co 
Created user: UID: WEB10171,UPN = WEB10171@sig.dom TemporaryPassword: P@$$4Externals  , Name: Marcel Vorst                 ,Email: marcel.vorst@frieslandcampina.com               , Company: Friesla
ndcampina Ede (riedel) 
Created user: UID: WEB10172,UPN = WEB10172@sig.dom TemporaryPassword: P@$$4Externals  , Name: Marcos Eladio                 ,Email: marcoseladioufq@frimesa.com.br               , Company: Frimesa C
ooperativa Central 
Created user: UID: WEB10173,UPN = WEB10173@sig.dom TemporaryPassword: P@$$4Externals  , Name: Leila Mazaheri                 ,Email: marina@zjm.ir               , Company: Marina 
Created user: UID: WEB10174,UPN = WEB10174@sig.dom TemporaryPassword: P@$$4Externals  , Name: Mario Binder                 ,Email: Mario.Binder@pfanner.com               , Company: Hermann Pfanner 
Getränke GmbH 
Created user: UID: WEB10175,UPN = WEB10175@sig.dom TemporaryPassword: P@$$4Externals  , Name: Mario Waack                 ,Email: mario.waack@arlafoods.com               , Company: Arla Foods Deuts
chland GmbH - Upahl 
Created user: UID: WEB10176,UPN = WEB10176@sig.dom TemporaryPassword: P@$$4Externals  , Name: Mark Gatehouse                 ,Email: Mark.Gatehouse@premierfoods.co.uk               , Company: Premi
er Foods Group Ltd. 
Created user: UID: WEB10177,UPN = WEB10177@sig.dom TemporaryPassword: P@$$4Externals  , Name: Markus Ratzberger                 ,Email: Markus.Ratzberger@berglandmilch.at               , Company: B
erglandmilch Aschbach 
Created user: UID: WEB10178,UPN = WEB10178@sig.dom TemporaryPassword: P@$$4Externals  , Name: Martin Basek                 ,Email: martin.basek@bohemilk.cz               , Company: Bohemilk 
Created user: UID: WEB10179,UPN = WEB10179@sig.dom TemporaryPassword: P@$$4Externals  , Name: Martin Wiechmann                 ,Email: martin.wiechmann@arlafoods.com               , Company: Arla F
oods Deutschland GmbH - Upahl 
Created user: UID: WEB10180,UPN = WEB10180@sig.dom TemporaryPassword: P@$$4Externals  , Name: Mazen Salem                 ,Email: Mazen.Almarai.ly@gmail.com               , Company: Almarai Al-Liby
a Company for Food 
Created user: UID: WEB10181,UPN = WEB10181@sig.dom TemporaryPassword: P@$$4Externals  , Name: Michal Sikora                 ,Email: Michal.Sikora@albi.de               , Company: albi GmbH & Co. KG
 
Created user: UID: WEB10182,UPN = WEB10182@sig.dom TemporaryPassword: P@$$4Externals  , Name: Michel Koorn                 ,Email: michel.koorn@refresco.com               , Company: Refresco BLX Bo
degraven (menken drinks) 
Created user: UID: WEB10183,UPN = WEB10183@sig.dom TemporaryPassword: P@$$4Externals  , Name: Michel Cormier                 ,Email: michel_cormier@ca.campbellsoup.com               , Company: Camp
bell's Soup Company 
Created user: UID: WEB10184,UPN = WEB10184@sig.dom TemporaryPassword: P@$$4Externals  , Name: Mike Brommer                 ,Email: mike.brommer@schwarzwaldmilch.de               , Company: Schwarzw
aldmilch GmbH Freiburg 
Created user: UID: WEB10185,UPN = WEB10185@sig.dom TemporaryPassword: P@$$4Externals  , Name: Milos Marianovic                 ,Email: Milos.Marjanovic@rauch.cc                , Company: Rauch Serb
ien 
Created user: UID: WEB10186,UPN = WEB10186@sig.dom TemporaryPassword: P@$$4Externals  , Name: Milton Dos-Santos                 ,Email: Milton.DosSantos@elsa.ch               , Company: Estavayer 
Created user: UID: WEB10187,UPN = WEB10187@sig.dom TemporaryPassword: P@$$4Externals  , Name: Mladen Boticki                 ,Email: mladen.boticki@stanic-juicy.com               , Company: Stanic 
Beverages d.o.o 
Created user: UID: WEB10188,UPN = WEB10188@sig.dom TemporaryPassword: P@$$4Externals  , Name: Miguel Angel Manzanedo                 ,Email: mmanzanedo@thegbfoods.com               , Company: Inpra
lsa - Acc: Inpralsa 
Created user: UID: WEB10189,UPN = WEB10189@sig.dom TemporaryPassword: P@$$4Externals  , Name: Mohamed Maher                 ,Email: Mohamed.Maher@CocacolaEgypt.com               , Company: Coca col
a company of Egypt 
Created user: UID: WEB10190,UPN = WEB10190@sig.dom TemporaryPassword: P@$$4Externals  , Name: Mohamed Siddiq                 ,Email: mohamed.siddiq@und-ksa.com               , Company: UND 
Created user: UID: WEB10191,UPN = WEB10191@sig.dom TemporaryPassword: P@$$4Externals  , Name: Mohammed Taane                 ,Email: Mohammed.Taane@tchinlait.com               , Company: SPA Généra
le Laitière Jugurta 
Created user: UID: WEB10192,UPN = WEB10192@sig.dom TemporaryPassword: P@$$4Externals  , Name: Juraj Morva                 ,Email: morva@euromilk.sk               , Company: Euromilk 
Created user: UID: WEB10193,UPN = WEB10193@sig.dom TemporaryPassword: P@$$4Externals  , Name: Nabil Dahmani                 ,Email: Nabil.DAHMANI@soummam.dz               , Company: Sarl Laiterie S
oummam 
Created user: UID: WEB10194,UPN = WEB10194@sig.dom TemporaryPassword: P@$$4Externals  , Name: Roberto Yemen                 ,Email: nasim.bidartabie@combiblociran.com                , Company: Yeme
n Dairy 
Created user: UID: WEB10195,UPN = WEB10195@sig.dom TemporaryPassword: P@$$4Externals  , Name: Engineer DPO-ML                 ,Email: nattapon.j@dpo.go.th               , Company: Dairy Farming Pro
motion (Muak Lek) 
Created user: UID: WEB10196,UPN = WEB10196@sig.dom TemporaryPassword: P@$$4Externals  , Name: Nilson Schamrek                 ,Email: nilson.schamrek@pia.com.br               , Company: Cooperativa
 Agropecuária Petrópolis 
Created user: UID: WEB10197,UPN = WEB10197@sig.dom TemporaryPassword: P@$$4Externals  , Name: Hossein Razzaghi                 ,Email: nt_pegah@yahoo.com               , Company: Iran Dairy Industr
ies Co.  
Created user: UID: WEB10198,UPN = WEB10198@sig.dom TemporaryPassword: P@$$4Externals  , Name: Nuengrutai Chaiwarin                 ,Email: Nuengrutai.Chaiwarin@frieslandcampina.com               , 
Company: FrieslandCampina (Thailand) PCL. 
Created user: UID: WEB10199,UPN = WEB10199@sig.dom TemporaryPassword: P@$$4Externals  , Name: Omar Boudeg                 ,Email: oboudeg@groupefacto.com               , Company: Groupe Facto 
Created user: UID: WEB10200,UPN = WEB10200@sig.dom TemporaryPassword: P@$$4Externals  , Name: Olabode Olatunji                 ,Email: olabode.olatunji@NG.Nestle.com               , Company: Nestle
 Nigeria Plc. 
Created user: UID: WEB10201,UPN = WEB10201@sig.dom TemporaryPassword: P@$$4Externals  , Name: Alabi Olufemi                 ,Email: Olufemi.Alabi@NG.nestle.com               , Company: Nestle Niger
ia Plc. 
Created user: UID: WEB10202,UPN = WEB10202@sig.dom TemporaryPassword: P@$$4Externals  , Name: Paul Myskow                 ,Email: p.myskow@fruchtsaft.ag               , Company: Glockengold Fruchts
aft AG 
Created user: UID: WEB10203,UPN = WEB10203@sig.dom TemporaryPassword: P@$$4Externals  , Name: Piotr Oleksy                 ,Email: p.oleksy@maspex.com               , Company: Tymbark-MWS Sp. z o.o
. Sp. k. 
Created user: UID: WEB10204,UPN = WEB10204@sig.dom TemporaryPassword: P@$$4Externals  , Name: Piotr Sternik                 ,Email: p.sternik@maspex.com               , Company: Tymbark S.A. o/Olsz
tynek 
Created user: UID: WEB10205,UPN = WEB10205@sig.dom TemporaryPassword: P@$$4Externals  , Name: Pamela Vázquez                 ,Email: Pamela.Vazquez@lactalis.es               , Company: Leche de Gal
icia S.L. 
Created user: UID: WEB10206,UPN = WEB10206@sig.dom TemporaryPassword: P@$$4Externals  , Name: Paul Schofield                 ,Email: paul.schofield@refrescogerber.co.uk               , Company: Ref
resco Gerber 
Created user: UID: WEB10207,UPN = WEB10207@sig.dom TemporaryPassword: P@$$4Externals  , Name: Pavel Essender                 ,Email: pavel.essender@bohemilk.cz               , Company: Bohemilk 
Created user: UID: WEB10208,UPN = WEB10208@sig.dom TemporaryPassword: P@$$4Externals  , Name: Pawel Jaskiewicz                 ,Email: Pawel.Jaskiewicz@refresco.com               , Company: Refresc
o Sp.zo.o 
Created user: UID: WEB10209,UPN = WEB10209@sig.dom TemporaryPassword: P@$$4Externals  , Name: Pam Bishop                 ,Email: pbishop@lyonsmagnus.com               , Company: Lyons Magnus East 
Created user: UID: WEB10210,UPN = WEB10210@sig.dom TemporaryPassword: P@$$4Externals  , Name: Pedram Shiroodi                 ,Email: Pedram_Shiroodi@yahoo.com               , Company: Iran Dairy I
ndustries Co. (Pegah) 
Created user: UID: WEB10211,UPN = WEB10211@sig.dom TemporaryPassword: P@$$4Externals  , Name: Pedro López Alonso                 ,Email: pedro-lopez@lechecelta.com               , Company: Lácteos 
de Santander S.A. 
Created user: UID: WEB10212,UPN = WEB10212@sig.dom TemporaryPassword: P@$$4Externals  , Name: Peter Seifert                 ,Email: Peter.Seifert@rauch.cc               , Company: Rauch AT 
Created user: UID: WEB10213,UPN = WEB10213@sig.dom TemporaryPassword: P@$$4Externals  , Name: Peter Peter                 ,Email: peter.treut@refresco.de               , Company: Refresco Mönchengl
adbach 
Created user: UID: WEB10214,UPN = WEB10214@sig.dom TemporaryPassword: P@$$4Externals  , Name: Phil Green                 ,Email: Phil.Green@refrescogerber.co.uk               , Company: Refresco Ge
rber 
Created user: UID: WEB10215,UPN = WEB10215@sig.dom TemporaryPassword: P@$$4Externals  , Name: Pierre-André Gagnaux                 ,Email: pierre-andre.gagnaux@elsa.ch               , Company: Esta
vayer 
Created user: UID: WEB10216,UPN = WEB10216@sig.dom TemporaryPassword: P@$$4Externals  , Name: Plia Shalev                 ,Email: plia@hb.co.il               , Company: Hirshberg Brothers & Co 
Created user: UID: WEB10217,UPN = WEB10217@sig.dom TemporaryPassword: P@$$4Externals  , Name: Petr Pochobradsky	                 ,Email: pochobradsky@pragolaktos.cz               , Company: Pragola
ktos  
Created user: UID: WEB10218,UPN = WEB10218@sig.dom TemporaryPassword: P@$$4Externals  , Name: Oluwaseun Adenigba                 ,Email: Pramod.Bhardwaj@clicktgi.net               , Company: Chi Li
mited 
Created user: UID: WEB10219,UPN = WEB10219@sig.dom TemporaryPassword: P@$$4Externals  , Name: Kok Koos                 ,Email: Production@montic.co.za               , Company: Montic Dairy 
Created user: UID: WEB10220,UPN = WEB10220@sig.dom TemporaryPassword: P@$$4Externals  , Name: Pratiyanti Kicky                 ,Email: production5@sakatama.com               , Company: PT Sarana Ka
rya Utama 
Created user: UID: WEB10221,UPN = WEB10221@sig.dom TemporaryPassword: P@$$4Externals  , Name: Pam Timberman                 ,Email: PTimberman@us.protenergyfoods.com               , Company: Proten
ergy Natural Foods 
Created user: UID: WEB10222,UPN = WEB10222@sig.dom TemporaryPassword: P@$$4Externals  , Name: Mohamed El-Kethafi                 ,Email: Purchasing@judi.ly               , Company: Judi 
Created user: UID: WEB10223,UPN = WEB10223@sig.dom TemporaryPassword: P@$$4Externals  , Name: Novianti Alifa                 ,Email: purchasing@sakatama.com               , Company: PT Sarana Karya
 Utama 
Created user: UID: WEB10224,UPN = WEB10224@sig.dom TemporaryPassword: P@$$4Externals  , Name: Roland Heissl                 ,Email: R.Heissl@gmundner-milch.at               , Company: Gmunden 
Created user: UID: WEB10225,UPN = WEB10225@sig.dom TemporaryPassword: P@$$4Externals  , Name: Radek Jiruška                 ,Email: r.jiruska@tatramleko.cz               , Company: Mlekarna Hlinsko
 a. s. 
Created user: UID: WEB10226,UPN = WEB10226@sig.dom TemporaryPassword: P@$$4Externals  , Name: Rafal Krupa                 ,Email: R.Krupa@maspex.com               , Company: Ekoland Sp. z o.o. 
Created user: UID: WEB10227,UPN = WEB10227@sig.dom TemporaryPassword: P@$$4Externals  , Name: Rafik Redjem Saad                 ,Email: rafik.redjemsaad@tchinlait.com               , Company: SPA G
énérale Laitière Jugurta 
Created user: UID: WEB10228,UPN = WEB10228@sig.dom TemporaryPassword: P@$$4Externals  , Name: Ratheesh KR                 ,Email: Ratheesh.KR@aujan.com.sa               , Company: Aujan Beverages C
ompany 
Created user: UID: WEB10229,UPN = WEB10229@sig.dom TemporaryPassword: P@$$4Externals  , Name: Ratree Suparojanee                 ,Email: ratree_wn@tipco.net               , Company: Tipco F&B Co. L
td. 
Created user: UID: WEB10230,UPN = WEB10230@sig.dom TemporaryPassword: P@$$4Externals  , Name: Randy Feltman                 ,Email: rfeltman@clementpappas.com               , Company: Clement Pappa
s 
Created user: UID: WEB10231,UPN = WEB10231@sig.dom TemporaryPassword: P@$$4Externals  , Name: Riaan de Neys                 ,Email: Riaan.deNeys@pioneerfoods.co.za               , Company: Pioneer 
Foods Pty Ltd 
Created user: UID: WEB10232,UPN = WEB10232@sig.dom TemporaryPassword: P@$$4Externals  , Name: Ricki Siton                 ,Email: rick@hb.co.il               , Company: Hirshberg Brothers & Co 
Created user: UID: WEB10233,UPN = WEB10233@sig.dom TemporaryPassword: P@$$4Externals  , Name: Roberto Caloto Ilas                 ,Email: roberto.caloto@cmssl.es               , Company: Ilas S.A. 
(Industrias Lácteas Asturianas S.A.) 
Created user: UID: WEB10234,UPN = WEB10234@sig.dom TemporaryPassword: P@$$4Externals  , Name: Roman Olimpiu                 ,Email: roman.olimpiu@parmalat.ro               , Company: Lactalis RO 
Created user: UID: WEB10235,UPN = WEB10235@sig.dom TemporaryPassword: P@$$4Externals  , Name: Ronald Suacito                 ,Email: ronald@alamoudi-plant.com               , Company: Al-Amoudi Bev
erage Industries 
Created user: UID: WEB10236,UPN = WEB10236@sig.dom TemporaryPassword: P@$$4Externals  , Name: Rozelle Scotson                 ,Email: rozelle.scotson@clover.co.za               , Company: Clover S.
A -Port Elizabeth 
Created user: UID: WEB10237,UPN = WEB10237@sig.dom TemporaryPassword: P@$$4Externals  , Name: Russell Essex                 ,Email: Russell.Essex@refrescogerber.co.uk               , Company: Refre
sco Gerber 
Created user: UID: WEB10238,UPN = WEB10238@sig.dom TemporaryPassword: P@$$4Externals  , Name: Ruth Bender                 ,Email: ruth@hb.co.il               , Company: Hirshberg Brothers & Co 
Created user: UID: WEB10239,UPN = WEB10239@sig.dom TemporaryPassword: P@$$4Externals  , Name: Ryno Agenbag                 ,Email: Ryno@robertsonwine.co.za               , Company: Robertson 
Created user: UID: WEB10240,UPN = WEB10240@sig.dom TemporaryPassword: P@$$4Externals  , Name: Said Kati                 ,Email: s.kati@glj.dz               , Company: SPA Générale Laitière Jugurta 

Created user: UID: WEB10241,UPN = WEB10241@sig.dom TemporaryPassword: P@$$4Externals  , Name: Stefan Merker                 ,Email: s.merker@niederrhein-gold.de               , Company: Niederrhein
-Gold 
Created user: UID: WEB10242,UPN = WEB10242@sig.dom TemporaryPassword: P@$$4Externals  , Name: Saad Salih                 ,Email: S.Salih@alzakigroup.com               , Company: Zaki Group for Gene
ral Trading 
Created user: UID: WEB10243,UPN = WEB10243@sig.dom TemporaryPassword: P@$$4Externals  , Name: Sid Smail                 ,Email: s.smail@glj.dz               , Company: SPA Générale Laitière Jugurta
 
Created user: UID: WEB10244,UPN = WEB10244@sig.dom TemporaryPassword: P@$$4Externals  , Name: Saeed Iqbal                 ,Email: Saeed.Iqbal@nadec.com.sa               , Company: Nadec 
Created user: UID: WEB10245,UPN = WEB10245@sig.dom TemporaryPassword: P@$$4Externals  , Name: Sahbi Ben Aicha                 ,Email: sahbi.benaicha@groupedelice.com.tn               , Company: Ste
 Boissons Du Cap Bon 
Created user: UID: WEB10246,UPN = WEB10246@sig.dom TemporaryPassword: P@$$4Externals  , Name: Salvatore Alfano                 ,Email: salvatore.alfano@gruppoladoria.it               , Company: La 
Doria S.p.A. Sarno 
Created user: UID: WEB10247,UPN = WEB10247@sig.dom TemporaryPassword: P@$$4Externals  , Name: Samantha Clarke                 ,Email: samantha.clarke@refresogerber.co.uk               , Company: Re
fresco Gerber 
Created user: UID: WEB10248,UPN = WEB10248@sig.dom TemporaryPassword: P@$$4Externals  , Name: Sanja Kunder                 ,Email: sanja.kunder@stanic-juicy.com               , Company: Stanic Beve
rages d.o.o 
Created user: UID: WEB10249,UPN = WEB10249@sig.dom TemporaryPassword: P@$$4Externals  , Name: Sascha Kick                 ,Email: sascha.kick@frischli.de               , Company: Frischli 
Created user: UID: WEB10250,UPN = WEB10250@sig.dom TemporaryPassword: P@$$4Externals  , Name: Saso Velkovski                 ,Email: saso.velkovski@bimilk.mk               , Company: Mlekara Bitola
 
Created user: UID: WEB10251,UPN = WEB10251@sig.dom TemporaryPassword: P@$$4Externals  , Name: Nnochiri Saviour                 ,Email: Saviour.Nnochiri@ng.nestle.com               , Company: Nestle
 Nigeria Plc. 
Created user: UID: WEB10252,UPN = WEB10252@sig.dom TemporaryPassword: P@$$4Externals  , Name: Fatiha Seddi                 ,Email: seddi.fatiha@vitajus.com               , Company: Vitajus 
Created user: UID: WEB10253,UPN = WEB10253@sig.dom TemporaryPassword: P@$$4Externals  , Name: Shanoop Salim                 ,Email: Shanoop@alamoudi-plant.com               , Company: Al-Amoudi Bev
erage Industries 
Created user: UID: WEB10254,UPN = WEB10254@sig.dom TemporaryPassword: P@$$4Externals  , Name: Shahves Ahmed                 ,Email: shavez@GULF-UNION.COM               , Company: Gulf Union Foods C
ompany 
Created user: UID: WEB10255,UPN = WEB10255@sig.dom TemporaryPassword: P@$$4Externals  , Name: Gashi Shkelzen                 ,Email: shkelzengashi99@yahoo.com               , Company: Frutti N.T.P.
 Recan-Prizren 
Created user: UID: WEB10256,UPN = WEB10256@sig.dom TemporaryPassword: P@$$4Externals  , Name: Shyaam Mckend                 ,Email: shyaam_mckend@ca.campbellsoup.com               , Company: Campbe
ll's Soup Company 
Created user: UID: WEB10257,UPN = WEB10257@sig.dom TemporaryPassword: P@$$4Externals  , Name: Silvia Alvariño Savirón                 ,Email: silvia-alvarino@lechecelta.com               , Company:
 Leche Celta S.L.U. (Avila) 
Created user: UID: WEB10258,UPN = WEB10258@sig.dom TemporaryPassword: P@$$4Externals  , Name: Simon Righetti                 ,Email: simon.righetti@elsa.ch               , Company: Estavayer 
Created user: UID: WEB10259,UPN = WEB10259@sig.dom TemporaryPassword: P@$$4Externals  , Name: Slawomir Dabrowski                 ,Email: Slawomir.Dabrowski@refresco.com               , Company: Ref
resco Sp.zo.o 
Created user: UID: WEB10260,UPN = WEB10260@sig.dom TemporaryPassword: P@$$4Externals  , Name: Slimane Boukhedda                 ,Email: slimane.vitajus@gmail.com               , Company: Vitajus 
Created user: UID: WEB10261,UPN = WEB10261@sig.dom TemporaryPassword: P@$$4Externals  , Name: Sofiane Medjoubi                 ,Email: sofiane.medjoubi@soummam.dz               , Company: Sarl Lait
erie Soummam 
Created user: UID: WEB10262,UPN = WEB10262@sig.dom TemporaryPassword: P@$$4Externals  , Name: Somsak Khamsumalee                 ,Email: Somsak@greenspot.co.th               , Company: Green Spot C
o. Ltd. 
Created user: UID: WEB10263,UPN = WEB10263@sig.dom TemporaryPassword: P@$$4Externals  , Name: Sonja Vielhaber                 ,Email: sonja.vielhaber@pfanner.com               , Company: Hermann Pf
anner Getränke GmbH 
Created user: UID: WEB10264,UPN = WEB10264@sig.dom TemporaryPassword: P@$$4Externals  , Name: Borislav Stanchev                 ,Email: stanchev@philicon.bg               , Company: Philicon (Bulga
ria) 
Created user: UID: WEB10265,UPN = WEB10265@sig.dom TemporaryPassword: P@$$4Externals  , Name: Stefan Bucek                 ,Email: stefan.bucek@pomurske-mlekarne.si               , Company: POMURSK
E MLEKARNE d.d. 
Created user: UID: WEB10266,UPN = WEB10266@sig.dom TemporaryPassword: P@$$4Externals  , Name: Stefan Weidinger                 ,Email: stefan.weidinger@berglandmilch.at               , Company: Ber
glandmilch Aschbach 
Created user: UID: WEB10267,UPN = WEB10267@sig.dom TemporaryPassword: P@$$4Externals  , Name: Stephane Boyer                 ,Email: stephane.boyer@lactalis.fr               , Company: Lactalis Mon
tauban 
Created user: UID: WEB10268,UPN = WEB10268@sig.dom TemporaryPassword: P@$$4Externals  , Name: Stephanie Schwalbe                 ,Email: Stephanie.Schwalbe@immergut.de               , Company: Imme
rgut GmbH & Co. KG 
Created user: UID: WEB10269,UPN = WEB10269@sig.dom TemporaryPassword: P@$$4Externals  , Name: Steven King                 ,Email: steven_king@ca.campbellsoup.com               , Company: Campbell's
 Soup Company 
Created user: UID: WEB10270,UPN = WEB10270@sig.dom TemporaryPassword: P@$$4Externals  , Name: Sunee Nampraditsap                 ,Email: sunee@thaiagri.com               , Company: Thai Agri Foods 
Public Co.Ltd. 
Created user: UID: WEB10271,UPN = WEB10271@sig.dom TemporaryPassword: P@$$4Externals  , Name: Susann Golkenrath                 ,Email: Susann.Golkenrath@refresco.com               , Company: Refre
sco Calvörde 
Created user: UID: WEB10272,UPN = WEB10272@sig.dom TemporaryPassword: P@$$4Externals  , Name: Syed Nadeem UlHaque                 ,Email: SyedNadeem.UlHaque@alsafidanone.com               , Company
: Al Safi 
Created user: UID: WEB10273,UPN = WEB10273@sig.dom TemporaryPassword: P@$$4Externals  , Name: Toufik Bouhadouf                 ,Email: t.bouhadouf@glj.dz                , Company: SPA Générale Lait
ière Jugurta 
Created user: UID: WEB10274,UPN = WEB10274@sig.dom TemporaryPassword: P@$$4Externals  , Name: Tugrul Sahin                 ,Email: t.sahin@niederrhein-gold.de               , Company: Niederrhein-G
old 
Created user: UID: WEB10275,UPN = WEB10275@sig.dom TemporaryPassword: P@$$4Externals  , Name: Taghreed Alshahrani                 ,Email: Taghreed.Alshahrani@alsafidanone.com               , Compan
y: Al Safi 
Created user: UID: WEB10276,UPN = WEB10276@sig.dom TemporaryPassword: P@$$4Externals  , Name: Talel Chihi                 ,Email: talel.chihi@groupedelice.com.tn                , Company: Delice 
Created user: UID: WEB10277,UPN = WEB10277@sig.dom TemporaryPassword: P@$$4Externals  , Name: Tayeb Alaoua                 ,Email: tayeb.alaoua@gmail.com               , Company: Sarl Laiterie Soum
mam 
Created user: UID: WEB10278,UPN = WEB10278@sig.dom TemporaryPassword: P@$$4Externals  , Name: Ilya Ilinykh                 ,Email: tech1@a-bmz.ru               , Company: ZAO MPBK Ochakovo 
Created user: UID: WEB10279,UPN = WEB10279@sig.dom TemporaryPassword: P@$$4Externals  , Name: Kamil Bogola	                 ,Email: technicke@pragolaktos.cz               , Company: Pragolaktos  
Created user: UID: WEB10280,UPN = WEB10280@sig.dom TemporaryPassword: P@$$4Externals  , Name: Gabriele Hirtenlehner                 ,Email: technik.aschbach@berglandmilch.at               , Company
: Berglandmilch Aschbach 
Created user: UID: WEB10281,UPN = WEB10281@sig.dom TemporaryPassword: P@$$4Externals  , Name: Technik Immergut                 ,Email: technik.schluechtern@immergut.de               , Company: Imme
rgut GmbH & Co. KG 
Created user: UID: WEB10282,UPN = WEB10282@sig.dom TemporaryPassword: P@$$4Externals  , Name: Tammy Field                 ,Email: tfirld@steubenfoods.com               , Company: Steuben Foods 
Created user: UID: WEB10283,UPN = WEB10283@sig.dom TemporaryPassword: P@$$4Externals  , Name: Thavs Rangiah                 ,Email: Thavs.Rangiah@faircape.com               , Company: Fair Cape Dai
ries 
Created user: UID: WEB10284,UPN = WEB10284@sig.dom TemporaryPassword: P@$$4Externals  , Name: Thomas Rzazonka                 ,Email: thomas.rzazonka@arlafoods.com               , Company: Arla Foo
ds Deutschland GmbH - Upahl 
Created user: UID: WEB10285,UPN = WEB10285@sig.dom TemporaryPassword: P@$$4Externals  , Name: Joby Thomas                 ,Email: thomas@abcjuice.com.kw               , Company: Arabian Beverage Co
. Ltd. 
Created user: UID: WEB10286,UPN = WEB10286@sig.dom TemporaryPassword: P@$$4Externals  , Name: Thorsten Becker                 ,Email: thorsten.becker@arlafoods.com               , Company: Arla Foo
ds Deutschland GmbH 
Created user: UID: WEB10287,UPN = WEB10287@sig.dom TemporaryPassword: P@$$4Externals  , Name: Tomislav Stepinac                 ,Email: tomislav.stepinac@stanic-juicy.com               , Company: S
tanic Beverages d.o.o 
Created user: UID: WEB10288,UPN = WEB10288@sig.dom TemporaryPassword: P@$$4Externals  , Name: Velimir Tolo                 ,Email: Velimir.Tolo@stanic-juicy.com               , Company: Stanic Beve
rages d.o.o 
Created user: UID: WEB10289,UPN = WEB10289@sig.dom TemporaryPassword: P@$$4Externals  , Name: Vincent Jumel                 ,Email: vincent.jumel@lactalis.fr               , Company: Lactalis Clerm
ont 
Created user: UID: WEB10290,UPN = WEB10290@sig.dom TemporaryPassword: P@$$4Externals  , Name: Vlade Parmakovsky                 ,Email: vlade.parmakovski@bimilk.mk               , Company: Mlekara 
Bitola 
Created user: UID: WEB10291,UPN = WEB10291@sig.dom TemporaryPassword: P@$$4Externals  , Name: Vladimir Kozak                 ,Email: vladimir.kozak@pepsico.com               , Company: Pepsico CZ s
.r.o. 
Created user: UID: WEB10292,UPN = WEB10292@sig.dom TemporaryPassword: P@$$4Externals  , Name: Vasyl Turyanica                 ,Email: vturjanica@fruitmastergroup.com               , Company: Heltex
 
Created user: UID: WEB10293,UPN = WEB10293@sig.dom TemporaryPassword: P@$$4Externals  , Name: Werner Opitz                 ,Email: w.opitz@juetro.de               , Company: Jütro GmbH & Co. KG 
Created user: UID: WEB10294,UPN = WEB10294@sig.dom TemporaryPassword: P@$$4Externals  , Name: naturella Magazin                 ,Email: waibstadt.magazin@riha-wesergold               , Company: nat
urella Getränke GmbH & Co. KG Waibstadt 
Created user: UID: WEB10295,UPN = WEB10295@sig.dom TemporaryPassword: P@$$4Externals  , Name: Wassim Trigui                 ,Email: wassim.trigui@groupedelice.com.tn               , Company: Ste Bo
issons Du Cap Bon 
Created user: UID: WEB10296,UPN = WEB10296@sig.dom TemporaryPassword: P@$$4Externals  , Name: Jürgen Lammers                 ,Email: werkstatt@naarmann.de               , Company: Privatmolkerei Na
armann GmbH 
Created user: UID: WEB10297,UPN = WEB10297@sig.dom TemporaryPassword: P@$$4Externals  , Name: Werner Wege                 ,Email: werner.wege@eckes-granini.com               , Company: Eckes-Granin
i Deutschland GmbH 
Created user: UID: WEB10298,UPN = WEB10298@sig.dom TemporaryPassword: P@$$4Externals  , Name: Winefred Daniels                 ,Email: Winefred.Daniels@faircape.com               , Company: Fair Ca
pe Dairies 
Created user: UID: WEB10299,UPN = WEB10299@sig.dom TemporaryPassword: P@$$4Externals  , Name: Wolfgang Hille                 ,Email: wolfgang.hille@eckes-granini.com               , Company: Eckes-
Granini Deutschland GmbH 
Created user: UID: WEB10300,UPN = WEB10300@sig.dom TemporaryPassword: P@$$4Externals  , Name: Kahang Wong                 ,Email: wongkahang@swirebev.com               , Company: Swire Coca-Cola HK
.Ltd. 
Created user: UID: WEB10301,UPN = WEB10301@sig.dom TemporaryPassword: P@$$4Externals  , Name: Jamil Awaludin                 ,Email: wtp-sparepart2@psg.co.id               , Company: PT Pulau Sambu
 Guntung 
Created user: UID: WEB10302,UPN = WEB10302@sig.dom TemporaryPassword: P@$$4Externals  , Name: Yasser Mustafa                 ,Email: Y.Mustafa@nadec.com.sa               , Company: Nadec 
Created user: UID: WEB10303,UPN = WEB10303@sig.dom TemporaryPassword: P@$$4Externals  , Name: Nabil Thabet                 ,Email: ydairyrm@y.net.ye               , Company: Yemen Dairy 
Created user: UID: WEB10304,UPN = WEB10304@sig.dom TemporaryPassword: P@$$4Externals  , Name: Yousef Mousa                 ,Email: yousef@alamoudi-plant.com               , Company: Al-Amoudi Bever
age Industries 
Created user: UID: WEB10305,UPN = WEB10305@sig.dom TemporaryPassword: P@$$4Externals  , Name: Jing Deng                  ,Email: ytndengjing@yili.com               , Company: Urumchi Yili Dairy Co.
 Ltd. 
Created user: UID: WEB10306,UPN = WEB10306@sig.dom TemporaryPassword: P@$$4Externals  , Name: Zahra Ahmadi                 ,Email: Zahra.Ahmadi@sunich.org               , Company: Alifard Co. 
Created user: UID: WEB10307,UPN = WEB10307@sig.dom TemporaryPassword: P@$$4Externals  , Name: Ryszard Bujak                 ,Email: zakupy@smgostyn.com.pl               , Company: Spoldzielnia Mlec
zarska w Gostyniu